запрос,уник кластер
тональный крем совершенный тон,1
совершенный тон,1
тональный крем мейбелин совершенный тон отзывы,1
maybelline affinitone отзывы,1
тональный крем maybelline affinitone отзывы,1
тональный крем аффинитон отзывы,1
affinitone maybelline отзывы,1
affinitone совершенный тон отзывы,1
тональный крем мейбелин аффинитон отзывы,1
affinitone отзывы,1
мейбелин аффинитон тональный крем отзывы,1
аффинитон отзывы,1
мейбелин аффинитон отзывы,1
мейбелин affinitone отзывы,1
тоналка мейбелин аффинитон,1
мейбелин совершенный тон отзывы,1
тональный крем affinitone,1
мейбелин аффинитон,1
аффинитон тональный крем,1
maybelline affinitone,1
тональный крем affinitone оттенки,1
афинитон,1
аффинитон,1
тональный крем maybelline affinitone,1
maybelline affinitone оттенки,1
мейбелин афинитон,1
тональный крем аффинитон,1
maybeline affinitone,1
мэйбеллин аффинитон,1
тональный крем maybelline affinitone совершенный тон,1
new affinitone maybelline,1
affinitone тональный крем,1
тональный maybelline,1
пудра affinitone,2
мейбелин пудра,2
пудра мейбелин аффинитон,2
пудра мейбелин аффинитон отзывы,2
пудра мейбелин отзывы,2
пудра мейбелин,2
пудра мейбелин совершенный тон,2
пудра maybelline affinitone,2
maybelline affinitone powder отзывы,2
пудра мейбелин совершенный тон отзывы,2
maybelline affinitone пудра,2
пудра совершенный тон,2
пудра maybelline,2
мейбелин аффинитон пудра,2
аффинитон пудра,2
maybelline пудра,2
пудра аффинитон,2
affinitone пудра,2
пудра мейбелин совершенный тон оттенки,2
пудра аффинитон отзывы,2
корега крем,3
крем корега,3
крем корега для фиксации зубных протезов,3
корега для протезов,3
корега для зубных протезов,3
корега крем для фиксации зубных протезов,3
крем корега цена,3
корега крем цена,3
крем корега отзывы,3
корега крем отзывы,3
l'oreal telescopic тушь,4
loreal paris telescopic,4
loreal teleskopic,4
telescopic l'oreal,4
лореаль тушь телескопик,4
l'oreal telescopic,4
l'oreal paris telescopic,4
тушь телескопик цена,4
тушь телескопик купить,4
лореаль телескопик цена,4
купить тушь лореаль телескопик,4
l'oreal telescopic цена,4
лореаль телескопик купить,4
тушь лореаль телескопик купить,4
купить тушь лореаль телескопик украина,4
лореаль телескопик цена украина,4
тушь лореаль телескопик цена,4
тушь лореаль телескопік,4
туш лореаль телескопік,4
тушь телескопик,4
лореаль телескопик тушь,4
лореаль телескопик,4
тушь loreal telescopic,4
telescopic тушь,4
loreal telescopic,4
телескопик тушь,4
loreal telescopic цена,4
telescopic loreal,4
тушь телескопик от лореаль,4
тушь для ресниц лореаль телескопик,4
тушь лореаль телескопик,4
тушь telescopic,4
l oreal telescopic,4
телескопик тушь цена,4
loreal telescopic mascara,4
loreal mascara telescopic,4
l oreal paris telescopic mascara,4
loreal telescopic maskara,4
l oreal telescopic mascara,4
l'oreal paris telescopic mascara,4
mascara telescopic loreal,4
pupa лак для ногтей,5
лак pupa,5
лак для ногтей пупа,5
пупа лак,5
лак пупа,5
pupa лак,5
лак для ногтей pupa,5
лаки pupa,5
pupa лаки,5
лаки пупа,5
лаки essie палитра,6
лак эсси палитра,6
essie палитра,6
палитра лаков эсси,6
лак essie палитра,6
essie палитра лаков,6
лак эсси отзывы,6
essie лак отзывы,6
лаки essie отзывы,6
лаки эсси отзывы,6
лак essie отзывы,6
лак для ногтей эсси,6
лаки essie купить киев,6
лак эсси купить,6
лак essie где купить,6
essie лаки,6
лаки для ногтей эсси,6
лаки эсси купить,6
эсси лаки,6
купить essie,6
essie лак купить,6
лак эсси,6
лаки essie,6
лаки эсси цена,6
сколько стоит лак essie,6
купить лаки essie,6
лак essie,6
эсси лак,6
лаки для ногтей essie,6
essie лак,6
essie лаки для ногтей,6
essie лак для ногтей,6
где купить лаки essie,6
купить лаки essie киев,6
эсси лак для ногтей,6
лаки эсси палитра,6
лак для ногтей essie,6
essie лаки купить,6
лаки эсси,6
лаки essie киев,6
лак essie купить,6
essie купить,6
essie цена,6
купить лак эсси,6
лаки для ногтей essie палитра,6
лаки essie киев купить,6
лаки essie купить украина,6
лак для ногтей essie купить киев,6
купить лак essie киев,6
essie украина,6
лак для ногтей essie купить,6
где купить лак essie,6
essie где купить,6
essie киев купить,6
лаки essie купить,6
essie купить киев,6
essie лак палитра,6
лак essie купить киев,6
essie лак официальный сайт,6
купить лак essie,6
лаки эсси купить киев,6
essie купить украина,6
маска индола,7
indola маска,7
маска восстанавливающая для волос,7
индола маска,7
маска индола отзывы,7
индола маска для волос,7
маска для волос indola,7
indola маска для волос,7
маска для волос индола,7
one man show купить киев,8
ван мен шоу цена украина,8
купить одеколон ван мен шоу,8
ван мэн шоу,8
ван мен шоу,8
one man show,8
one man shou,8
one man show купить,8
one men show,8
the one man show,8
jacques bogart one man show,8
bogart one man show,8
onemanshow,8
туалетная вода one man show,8
one man show jacques bogart,8
одеколон one man show,8
ван мен шоу одеколон,8
одеколон ван мен шоу цена,8
крем лореаль 45+ отзывы,9
лореаль 45+ отзывы,9
лореаль возраст эксперт 45+ отзывы,9
крем лореаль возраст эксперт 45+ цена,9
лореаль возраст эксперт 45+ цена,9
крем лореаль возраст эксперт 45+ отзывы,9
массажная антицеллюлитная щетка купить,10
антицеллюлитная массажная щетка купить,10
щетка антицеллюлитная купить,10
антицеллюлитная щетка,10
щетка антицеллюлитная,10
garnier без аммиака,11
гарньер краска без аммиака,11
краска гарньер без аммиака,11
краска для волос без аммиака гарньер,11
краска для волос без аммиака garnier,11
гарньер без аммиака,11
крем гарньер ультра лифтинг отзывы,12
крем гарньер ультра лифтинг дневной отзывы,12
крем гарньер ультра лифтинг,12
гарньер ультра лифтинг цена,12
garnier ultra lift,12
garnier lift,12
крем виши ночной,13
ночной крем виши,13
vichy normaderm nuit,13
normaderm night detox,13
vichy detox night cream,13
vichy normaderm night,13
vichy normaderm nuit detox,13
normaderm night,13
normaderm nuit,13
vichy detox,13
vichy normaderm night detox,13
нормадерм ночной детокс,13
vichy night detox,13
meteorites cruel gardenia,14
cruel gardenia meteorites,14
guerlain meteorites cruel gardenia,14
gardenia guerlain,14
cruel gardenia guerlain,14
cruel gardenia,14
guerlain cruel gardenia,14
loreal blonde shampoo,15
шампунь лореаль шайн блонд,15
shine blond,15
l'oreal professionnel shine blonde,15
shine blonde от l'oreal professionnel,15
shine blonde loreal,15
loreal shine blonde shampoo,15
loreal shine blond,15
loreal shine blonde,15
loreal shine,15
shine blonde,15
шайн блонд лореаль,15
l'oreal efassor,16
l'oreal professionnel efassor,16
efassor,16
efassor l'oreal,16
эфассор лореаль,16
эфасор от лореаль,16
loreal efassor,16
лореаль эфассор,16
палитра краски лореаль мажирель,17
loreal majirel палитра,17
краска мажирель палитра,17
loreal professional majirel палитра,17
l oreal professionnel majirel палитра,17
палитра лореаль мажирель,17
majirel палитра,17
лореаль мажирель палитра,17
краска для волос мажирель палитра,17
палитра мажирель,17
лореаль мажирель отзывы,17
краска majirel,17
majirel,17
краска для волос мажирель,17
мажирель краска для волос,17
l oreal majirel,17
loreal majirel отзывы,17
мажирель лореаль,17
majirel l oreal,17
краска лореаль мажирель,17
краска лореаль мажирель отзывы,17
краска мажирель,17
краска для волос лореаль мажирель,17
краска для волос лореаль мажирель отзывы,17
лореаль мажирель купить,17
краска лореаль мажирель цена,17
краска лореаль мажирель купить,17
краска мажирель купить,17
лореаль мажирель цена,17
купить краску мажирель,17
краска для волос мажирель купить,17
туалетная вода yohji yamamoto,18
туалетная вода yohji,18
туалетная вода ямамото,18
духи йоджи ямамото,18
йоджи ямамото отзывы,18
йоджи ямамото мужская туалетная вода,18
духи йоджи ямамото отзывы,18
духи йоши ямамото отзывы,18
духи ёджи ямамото,18
йоджи ямамото йоджи,18
by yohji yamamoto,18
йоджи ямамото духи женские,18
йоджи ямамото духи женские отзывы,18
духи yohji yamamoto цена,18
парфюм ямамото,18
yohji yamamoto духи цена,18
yohji yamamoto цена,18
парфюм yohji yamamoto,18
йоджи ямамото духи мужские,18
духи йоши,18
купить духи йоджи ямамото в украине,18
расаси парфюм,19
расаси духи,19
парфюмерия расаси,19
rasasi парфюмерия,19
rasasi духи,19
парфюм rasasi,19
расаси купить украина,19
купить духи расаси,19
духи rasasi купить,19
купить духи расаси в украине,19
londa шампунь,20
шампунь londa,20
лонда шампуни,20
шампунь лонда профессионал купить,20
лонда шампунь,20
купить шампунь лонда,20
купить шампунь лонда профессионал,20
шампуни лонда купить,20
londa шампунь купить,20
versage bright crystal,21
vercace bright crystal,21
versace bright chrystal,21
versace bright crytal,21
versace bright cristal,21
vercase bright crystal,21
версаче розовый кристалл цена украина,21
versace bright crystal 90ml,21
versace bright crystal цена,21
versace bright crystal 50ml цена,21
версаче брайт кристал 90 мл цена,21
версаче брайт кристал цена украина,21
versace bright crystal купить,21
versace bright crystal оригинал цена,21
стоимость versace bright crystal,21
цена духов versace bright crystal,21
версаче брайт кристалл купить,21
духи bright crystal,21
versace crystal bright perfume,21
версаче кристал,21
versace bright crystal 30 ml,21
духи crystal,21
versace bright crystal parfum,21
perfume versace bright crystal,21
брайт кристал версаче,21
версаче брайт кристал,21
версаче брайт,21
вера вонг духи,22
духи вера вонг,22
вера вонг купить,22
vera wang цена,22
vera wang купить,22
вера вонг цена,22
вера вонг цены,22
princess by vera wang,22
princess perfume vera wang,22
vera wang стоимость,22
vera wang цены,22
vera wang perfume review,22
духи vera wang,22
vera wang духи,22
vera wang парфюм,22
вера вонг духи отзывы,22
купить духи мансера,23
парфюм mancera,23
парфюмерия mancera,23
духи монсера,23
парфюм мансера,23
mancera купить киев,23
духи mancera цена,23
духи мансера,23
mancera,23
аромат мансера,23
мансера парфюм,23
монсера духи,23
мансера духи,23
духи mancera,23
mancera parfum,23
mancera духи,23
парфюм мансера отзывы,23
мансера отзывы,23
духи mancera отзывы,23
духи мансера отзывы,23
парфюмерия trussardi,24
трусарди цена,24
духи трусарди цена,24
trussardi цена духи,24
купить туалетную воду trussardi,24
трусарді духи,24
духи трусарди,24
туалетная вода труссарди цена,24
купить туалетную воду труссарди,24
парфюмерия труссарди,24
духи trussardi цена,24
trussardi parfum,24
trussardi perfume,24
туалетная вода trussardi,24
труссарди духи,24
туалетная вода трусарди,24
trussardi туалетная вода,24
туалетная вода труссарди,24
сислей духи цена,25
купить духи сислей,25
парфюмерия сислей,25
sisley духи цена,25
духи сислей цена,25
духи сислей купить,25
сисли духи,25
sisley parfum,25
парфюм sisley,25
sisley духи,25
сислей парфюм,25
парфюм сислей,25
parfum sisley,25
духи сислей,25
сислей духи,25
туалетная вода серджио тачини,26
sergio tacchini туалетная вода,26
sergio tacchini духи,26
духи сержио тачини,26
серджио тачини духи,26
серджио тачини,26
sergio tacchini духи цена,26
incanto купить,27
инканто купить,27
инканто шайн сальваторе феррагамо,27
инканто шайн,27
incanto shine отзывы,27
инканто туалетная вода,27
сальваторе феррагамо инканто,27
духи сальваторе феррагамо инканто,27
incanto salvatore ferragamo perfume,27
incanto salvatore ferragamo,27
incanto by salvatore ferragamo,27
инканто сальваторе феррагамо,27
купить сальваторе феррагамо,28
сальваторе феррагамо духи,28
духи сальваторе феррагамо,28
купить духи salvatore ferragamo,28
купить духи сальваторе феррагамо,28
эстель маска для волос цена,29
купить маску эстель,29
эстель маски для волос,29
estel маска для волос,29
маска для волос естель,29
маска для волос эстель купить,29
маска эстель купить,29
купить маску для волос эстель,29
estel безсульфатный шампунь,30
estel безсульфатный,30
estel шампунь безсульфатный,30
безсульфатный шампунь эстель,30
эстель безсульфатный шампунь,30
шампунь эстель безсульфатный цена,30
шампунь estel aqua otium,30
шампунь эстель аква,30
шампунь эстель аква купить,30
купить безсульфатный шампунь эстель,30
vivene sabo,31
vivienne sabo косметика,31
вивьен сабо сайт,31
vivienne sabo paris,31
vivien sabo,31
косметика вивьен сабо,31
viven sabo,31
vivienne sabo,31
вивьен сабо каталог,31
vivienne sabo каталог,31
купить косметику вивьен сабо,31
вивьен сабо украина,31
vivienne sabo цены,31
vivienne sabo купить киев,31
люмене каталог,32
косметика lumene каталог,32
люмене украина,32
косметика люмене каталог,32
финская косметика lumene,32
косметика lumene,32
люмине,32
lumene купить,32
люмене косметика купить,32
люмене купить,32
люміне косметика,32
chrome azzaro 100ml цена,33
chrome azzaro цена украина,33
chrome azzaro купить,33
купить azzaro chrome,33
туалетная вода хром азаро цена,33
chrome azzaro цена,33
аззаро хром цена,33
azzaro chrome цена,33
azzaro chrome купить,33
духи аззаро хром,33
chrome azaro,33
azzaro chrome,33
just cavalli by roberto cavalli,34
парфюм just cavalli,34
cavalli just cavalli,34
духи джаст кавалли,34
just cavalli perfume,34
parfum cavalli just,34
just cavalli духи женские,34
just cavalli roberto cavalli,34
just cavalli духи,34
roberto cavalli just cavalli parfum,34
джаст кавалли духи женские,34
just just cavalli,34
cavalli just,34
роберто кавалли духи цена,35
духи роберто кавалли женские цена,35
духи роберто кавалли купить,35
roberto cavalli parfum,35
parfum roberto cavalli,35
parfum roberto cavali,35
духи roberto cavalli,35
roberto cavalli парфюмерия,35
роберто кавалли туалетная вода,35
духи роберто кавалли,35
парфюм роберто кавалли,35
roberto cavalli perfume,35
roberto cavalli духи,35
роберто ковалли духи,35
роберто кавалли духи,35
духи роберто кавалли цена,35
roberto cavalli духи цена,35
купить духи roberto cavalli,35
косметичка украина,36
косметички интернет магазин,36
косметички женские,36
женские косметички,36
косметичка женская,36
косметичка цена,36
косметичка купить украина,36
косметичка киев купить,36
купить косметичку в киеве,36
купить женскую косметичку,36
косметички,36
косметички киев купить,36
косметичка купити,36
заказать косметичку,36
косметички киев,36
купити косметичку,36
прада туалетная вода,37
prada туалетная вода,37
прадо духи,37
духи прадо,37
купить духи прада,37
купить духи prada,37
купить парфюм прада,37
духи прада,37
прада духи,37
prada духи,37
духи прада купить,37
эстель шампунь,38
шампунь для волос эстель,38
шампунь estel professional,38
шампунь estel,38
шампуни эстель каталог,38
estel шампунь,38
шампуни эстель,38
шампунь эстель,38
estel professional шампунь,38
профессиональный шампунь эстель,38
естель шампуни,38
шампуни estel,38
шампунь эстель купить,38
купить шампуни эстель,38
шампунь estel цена,38
estel для волос купить,38
шампунь эстель купить киев,38
купить шампунь естель,38
шампуни эстель купить,38
купить шампунь эстель киев,38
купить шампунь estel,38
макадамия цена киев,39
макадамия купить киев,39
макадамия купить,39
купить macadamia,39
макадамия купить украина,39
macadamia купить украина,39
macadamia купить,39
духи палома пикассо купить,40
купить духи палома пикассо,40
paloma picasso парфюм,40
купить духи paloma picasso,40
paloma picasso parfum,40
paloma picasso parfums,40
paloma picasso духи купить,40
духи paloma picasso,40
paloma picasso perfume,40
духи пабло пикассо купить,40
parfum paloma picasso,40
паломо пикассо духи,40
духи паломо пикассо,40
пако рабана олимпия,41
туалетная вода олимпия,41
пако рабан олимпия купить,41
духи олимпия отзывы,41
парфюм олимпия,41
olimpia духи,41
духи олимпиа,41
пако рабан олимпия,41
олімпія духи,41
парфюм пако рабан олимпия,41
духи олимпия пако рабан,41
духи пако рабан олимпия цена,41
духи paco rabanne олимпия,41
олимпия пако рабан отзывы,41
олимпия духи,41
пако рабане олимпия,41
олимпия пако рабан,41
пако рабан олимпия отзывы,41
купить духи олимпия,41
олимпия духи цена,41
парфюм олимпия цена,41
духи олимпия цена,41
olympia духи цена,41
арманд баси ред,42
арман баси ред,42
арман басі ін ред,42
арман баси ин ред,42
духи арманд баси ин ред цена,42
armand bassi,42
arman basi,42
arman bassi,42
amand basi,42
armand basi,42
арманд баси ин ред купить,42
арманд баси ин ред купить киев,42
armand basi купить киев,42
арманд баси купить киев,42
купить духи арманд баси киев,42
ин ред духи,42
арманд баси ин ред,42
арман баси ин ред отзывы,42
арманд баси ин ред 100 мл цена,42
арманд баси ин ред оригинал цена,42
гірудодерм,43
гирудодерм,43
косметика гирудо дерм,43
hirudo derm,43
гирудо дерм,43
крем гирудо дерм,43
гирудо дерм купить,43
hirudo derm купить,43
гирудо дерм отзывы,43
крем гирудо дерм отзывы,43
нарцисо родригес духи цена,44
парфюм нарцисо родригес,44
narciso perfume,44
rodriguez духи,44
нарцисо,44
духи narciso rodriguez,44
духи narciso,44
туалетная вода родригес,44
narciso rodriguez духи цена,44
туалетная вода narciso rodriguez,44
narciso poudree narciso poudree,44
narciso poudree,44
narciso rodriguez for her цена,44
for her narciso rodriguez цена,44
narciso rodriguez for her купить киев,44
narciso rodriguez купить киев,44
купить narciso rodriguez,44
perfume narciso,44
родригез духи,44
туалетная вода narciso rodriguez for her,44
rodriguez narciso,44
родригес нарцисо,44
нарцисо духи,44
rodriguez parfum,44
narciso rodriguez,44
narciso rodriguez for her купить,44
духи narciso rodriguez for her цена,44
narciso духи,44
духи нарцисо,44
родригес духи,44
max mara perfume,45
макс мара духи,45
духи max mara,45
max mara perfum,45
духи макс мара,45
max mara parfum,45
мах мара духи,45
max mara духи цена,45
духи макс мара цена,45
макс мара парфюм,45
парфюм макс мара,45
духи макс мара отзывы,45
max mara отзывы,45
духи макс мара купить,45
купить духи макс мара оригинал,45
туалетная вода макс мара,45
макс мара туалетная вода,45
духи мария де бурбон,46
марина де бурбон парфюм,46
marina de bourdon,46
marina de bourbon цена,46
marina de burbon,46
marina de bourbon купить,46
марина де бурбон,46
марина де бурбон духи,46
купить духи марина де бурбон,46
духи марина де бурбон лис,46
духи марина де бурбон цена,46
марина де бурбон цена,46
духи марина де бурбон цена украина,46
духи marina de bourbon,46
marina de bourbon духи,46
мандарина дак,47
mandarina duck отзывы,47
madarina duck,47
miranda duck,47
mandarina dack,47
mandaina duck,47
mandarina duck духи,47
mandrina duck,47
mandarina duch,47
мандарин дак,47
духи мандарин,47
купить духи mandarina duck,47
mandarina duck купить,47
купить mandarina duck,47
духи mandarina duck цена,47
mandarina duck купить киев,47
mandarina duck киев,47
mandarina duck цена,47
мандарина дак купить,47
laura biagiotti perfume,48
лаура биаджотти,48
laura biagiotti laura,48
лаура бьяджотти,48
laura laura biagiotti,48
laura biagiotti духи,48
laura biagiotti,48
laura biagiotti laura купить,48
parfum laura,48
духи лаура биаджотти купить,48
туалетная вода лаура,48
лаура духи,48
духи лаура,48
духи лаура биаджотти отзывы,48
духи бьяджотти,48
духи laura,48
духи laura biagiotti,48
духи лаура биаджотти,48
лаура биаджотти духи,48
parfum laura biagiotti,48
помада мас цена,49
помада mac,49
помада mac купить,49
помады мак цена,49
помада мас купить,49
помада от mac,49
mac помада цена,49
купить помаду мас киев,49
губная помада mac цена,49
мас помада,49
помады мас,49
мак помады,49
помада мас,49
помада от мак,49
помады mac,49
mac помада,49
духи eclat цена,50
парфюм эклат цена,50
купить духи эклат ланвин,50
eclat d arpege купить в украине,50
цена духов эклат,50
купить духи lanvin eclat d arpege,50
купить духи eclat d arpege,50
эклат дарпеж,50
ланвин эклат дарпеж,50
ланвин эклат дарпеж цена,50
духи эклат дарпеж цена,50
духи эклад,50
еклат духи,50
eclat духи,50
духи еклад,50
эклат туалетная вода,50
eclat туалетная вода,50
эклат духи,50
парфюм eclat,50
духи eclat,50
eclat парфюм,50
парфюмерия ланвин,51
ланвин духи,51
духи ланвин,51
ланвин купить,51
духи от ланвин,51
ланвин парфюм,51
туалетная вода ланвин,51
вода ланвин,51
жан ланвин духи,51
туалетная вода lanvin,51
парфюм ланвин,51
lanvin парфюм,51
купить ланвин,51
купить lanvin,51
ланвин духи женские,51
духи ланвин цена украина,51
ланвин цена,51
купить духи lanvin,51
lanvin цена,51
духи ланвин купить,51
mexx туалетная вода,52
мекс туалетная вода,52
туалетна вода mexx,52
туалетная вода мекс,52
туалетная вода mexx,52
мехх туалетная вода,52
купить духи мехх,52
мехх духи цена,52
мекс парфюм,52
туалетная вода mexx цена,52
мехх духи,52
mexx parfum,52
восковые полоски карамель купить,53
восковые полоски lady caramel купить,53
восковые полоски caramel купить,53
восковые полоски caramel,53
полоски для депиляции карамель,53
восковые полоски карамель,53
восковые полоски lady caramel,53
восковые полоски caramel отзывы,53
восковые полоски карамель отзывы,53
карамель восковые полоски,53
caramel восковые полоски,53
маска для волос салон,54
salon professional маска для волос отзывы,54
маска для волос salon отзывы,54
маска salon professional отзывы,54
маска для волос salon,54
маска для волос салон отзывы,54
salon professional маска для волос,54
salon маска для волос,54
маска salon professional,54
ducray купить киев,55
ducray где купить,55
дюкрэ купить,55
купить ducray,55
ducray купить,55
ducray украина,55
ducray купить украина,55
ducray косметика,55
косметика ducray,55
косметика дюкрей,55
косметика дюкрей каталог,55
klorane купить,56
klorane украина,56
клоран купить киев,56
купить klorane,56
klorane шампунь купить,56
klorane купить украина,56
шампунь клоран купить,56
шампунь клоран купить киев,56
шампунь klorane купить,56
клоране шампунь,57
шампунь клоран,57
клоран шампуни,57
шампуни клоран,57
klorane shampoo,57
klorane шампунь,57
шампунь klorane,57
клоран шампунь,57
духи lalique,58
парфюмерия лалик,58
lalique парфюмерия,58
lalique духи,58
lalique парфюм,58
lalique духи цена,58
lalique цена,58
духи lalique цена,58
лалик лалик,58
парфюм lalique,58
lalique eau de parfum,58
eau de parfum lalique,58
lalique купить,58
ароматы лалик,58
лалик парфюм,58
парфюм лалик,58
купить lalique,58
купить лалик,58
аромат лалик,58
parfum lalique,58
духи лалик,58
парфюмерия lalique,58
купить духи lalique,58
лалик духи,58
perfume lalique,58
lalique киев,58
купить духи лалик,58
духи лалик цена,58
купить духи анна суи,59
anna sui купить,59
купить духи anna sui,59
анна суи купить,59
anna sui perfume,59
anna sui parfum,59
анна суи,59
анна сюи,59
анна сью,59
anna sui,59
духи анна суи,59
туалетная вода анна суи,59
духи анна суи отзывы,59
perfume anna sui,59
анна сью духи,59
анна суи духи,59
anna sui духи,59
духи anna sui,59
духи анна суи цена,59
косметика color me,60
косметика color me отзывы,60
косметика колор ми купить,60
косметика колор ми,60
колор мі,60
color me косметика,60
колор ми,60
colorme,60
color me,60
color me отзывы,60
колор ми отзывы,60
color me тональный крем,60
колор ми купить,60
color me купить киев,60
color me купить,60
парфюм мерседес,61
парфюм мерседес бенц отзывы,61
парфюм мерседес бенц,61
mercedes benz парфюм,61
мерседес духи,61
мерседес парфюм,61
духи мерседес бенц,61
духи mercedes,61
мерседес бенц духи,61
туалетная вода mercedes benz,61
туалетная вода мерседес,61
духи mercedes benz,61
mercedes benz туалетная вода,61
туалетная вода мерседес бенц,61
кензо купить киев,62
купить кензо киев,62
духи кензо фото,62
духи кензо купить,62
парфюм kenzo,62
купить духи кензо киев,62
кензо украина,62
parfums kenzo,62
kenzo парфюм,62
купить духи kenzo киев,62
духи кензо,62
perfume kenzo,62
kenzo парфюмерия,62
kenzo купить,62
кензо парфюм,62
духи kenzo,62
туалетная вода кензо купить,62
туалетная вода кензо цена,62
купить духи кензо,62
духи кензо цена,62
купить кензо духи,62
купить парфюм кензо,62
косметика фримен,63
косметика freeman,63
косметика фриман,63
фримен косметика,63
freeman косметика,63
freeman косметика украина,63
freeman косметика киев,63
planeta organica купить,64
планета органика интернет магазин,64
планета органика купить украина,64
planeta organica где купить,64
косметика планета органика купить,64
органика украина,64
планета органика киев,64
planeta organica украина,64
planeta organica киев,64
планета органика цена,64
где купить планета органика,64
планета органика купить,64
купить планета органика,64
планета органика цены,64
продукция планета органика,64
косметика органика,64
планета органика каталог,64
планета органика,64
планета органики,64
планета органика официальный сайт,64
gkfytnf jhufybrf,64
косметика планета органика,64
косметика planeta organica,64
planeta organica,64
тушь диваж 90 60 90 цена,65
тушь 90 60 90,65
тушь 90 60 90 цена,65
тушь для ресниц диваж,65
тушь диваж 90 60 90 отзывы,65
тушь divage 90 60 90,65
тушь 90 60 90 отзывы,65
divage 90 60 90,65
диваж 90 60 90,65
набор для косметики,66
наборы косметики,66
набор косметики,66
косметические наборы купить,66
косметические наборы киев,66
купить косметические наборы,66
косметические наборы,66
наборы косметики купить киев,66
набор косметики купить,66
наборы косметики киев,66
купить набор косметики киев,66
набор косметики киев,66
купить косметический набор,66
наборы косметики купить,66
купить духи issey miyake,67
issey miyake цена,67
купить исси мияки,67
issey miyake l'eau d'issey купить,67
купить issey miyake,67
купить духи иссей мияки,67
парфюм issey miyake,67
исимияки,67
иссей мияке духи,67
исси мияки духи,67
мияки духи,67
духи issey miyake,67
иссей мияки духи,67
perfume issey miyake,67
исси мияки,67
парфюм иссей мияке,67
духи исси мияки цена,67
мияки,67
духи мияки,67
духи москино,68
духи мошино,68
москино духи,68
москино духи цена,68
духи moschino,68
perfume moschino,68
moschino духи цена,68
туалетная вода москино,68
туалетная вода москино купить,68
туалетная вода moschino,68
купить moschino,68
парфюм москино,68
moschino духи,68
moschino ароматы,68
духи мочино,68
парфюм moschino,68
духи москино цена украина,68
купить духи moschino,68
купить духи москино,68
духи москино купить,68
духи москино цена,68
духи moschino цена,68
купить духи москино в украине,68
духи маскино,68
духи москино киев,68
купить духи москино киев,68
маски для жирного лица,69
маски от жирной кожи,69
маска для лица жирной кожи,69
маски для лица с жирной кожей,69
маски для жирной и проблемной кожи лица,69
маски для жирной кожи,69
маска для жирной кожи,69
маски от жирной кожи лица,69
маска для лица для жирной кожи,69
маски для жирной кожи лица,69
маски для лица от жирной кожи,69
питательный крем для сухой кожи,70
крем для сухой кожи лица отзывы,70
крем для сухой кожи отзывы,70
кремы для сухой кожи,70
купить крем для сухой кожи лица,70
крем для сухой кожи,70
крем от сухой кожи,70
крем для сухой кожи лица,70
крема для сухой кожи лица,70
питательный крем для сухой кожи лица,70
духи анжел шлессер,71
angel schlesser цена,71
туалетная вода angel schlesser,71
ангел шлессер цена,71
духи анжел шлессер цена,71
angel schlesser купить украина,71
анжел шлессер,71
купить angel schlesser,71
angel sh,71
шлессер духи,71
туалетная вода angel,71
туалетная вода ангел,71
парфюм ангел шлессер,71
туалетная вода анжел шлессер,71
купить духи ангел шлессер эссеншиал,71
духи angel schlesser цена,71
купить духи ангел шлессер,71
ангел шлессер женские духи,71
энжел шлессер,71
angel schlesser духи,71
ангел шлессер духи,71
angel schlesser perfume,71
духи angel schlesser,71
сертификат подарочный киев,72
подарочній сертификат киев,72
подарки сертификаты киев,72
подарочный сертификат киев купить,72
подарочный сертификат киев,72
купить подарочный сертификат киев,72
подарочный сертификат в киеве,72
сертификаты подарочные киев,72
подарочные сертификаты киев,72
киев подарочный сертификат,72
сертификаты подарочные,72
gjlfhjxysq cthnbabrfn,72
подарочные сертификаті,72
подарочный сертификат на,72
подарочные сетификаты,72
подарочные сертификаты купить,72
подарочные сертификаты,72
подарочные сертификаты заказать,72
заказать подарочные сертификаты,72
купить подарочный сертификат,72
купить подарочные сертификаты,72
заказать подарочный сертификат,72
подарочный сертификат магазин,72
купить сертификат,72
сертификат подарочный,72
подарочный сертификат купить,72
подарочный сертификат интернет магазин,72
подарочные сертификат,72
подарочный сертификаты,72
шампуни органические,73
органические шампуни,73
органические шампуни для волос,73
натуральные шампуни купить,73
купить натуральный шампунь для волос,73
натуральный шампунь для волос купить,73
натуральные шампуни для волос купить,73
органический шампунь купить киев,73
органические шампуни купить,73
купить органический шампунь,73
натуральные шампуни киев,73
органические шампуни киев,73
органический шампунь киев,73
органический шампунь купить,73
t lab купить киев,74
t-lab купить киев,74
t lab professional,74
t-lab масло для волос,74
t-lab professional,74
косметика т лаб,74
т-лаб продукция,74
t-lab professional купить,74
t-lab,74
т лаб,74
t lab купить,74
заказать шампунь для роста волос,75
шампунь для роста волос киев,75
шампунь для роста волос купить,75
шампуни для роста волос,75
шампунь для роста волос,75
шампунь для роста,75
бальзам для волос kapous,76
kapous бальзам для всех типов волос,76
kapous бальзам,76
бальзам капус,76
капус бальзам,76
бальзам kapous,76
бальзам для волос капус,76
капус бальзам цена,76
бальзам капус цена,76
краска для волос капус цена,76
масло чайного дерева цена киев,77
масло чайного дерева цена,77
купить масло чайного дерева,77
масло чайного дерева купить,77
купить масло чайного дерева киев,77
масло чайного дерева купить киев,77
чайное дерево масло цена,77
масла чайного дерева цена,77
масло чайного дерева купить украина,77
цена масло чайного дерева,77
масло чайного дерева цена украина,77
масло чайного дерева киев,77
масло чайного дерева купить в украине,77
shalimar guerlain купить,78
shalimar guerlain цена,78
духи шалимар купить,78
шалимар духи цена,78
шалимар купить,78
shalimar купить,78
герлен шалимар цена,78
шалимар герлен цена,78
шалимар духи купить,78
духи шалимар цена,78
парфюм шалимар,78
guerlain shalimar,78
шалимар духи,78
шалимар цена,78
shalimar цена,78
shalimar парфюм,78
герлен шалимар,78
shalimar guerlain parfum,78
шалимар от герлен,78
shalimar parfum,78
guerlain shalimar parfum,78
шалимар парфюм,78
герлен шалимар купить,78
guerlain shalimar купить,78
balenciaga perfume,79
духи баленсиага,79
balenciaga ароматы,79
баленсиага духи,79
balenciaga perfume review,79
balenciaga духи,79
balenciaga духи цена,79
balenciaga perfume reviews,79
парфюм баленсиага,79
парфюм balenciaga,79
баленсиага духи купить,79
parfum balenciaga,79
balenciaga парфюмерия,79
духи balenciaga,79
купить туалетную воду через интернет,80
заказать туалетную воду через интернет,80
купить туалетную воду онлайн,80
интернет магазин туал воды,80
интернет магазин туалетной воды,80
туалетная вода в интернет магазине,80
магазин туалетной воды,80
интернет магазин туалетных вод,80
купить туалетную воду в интернете,80
купить туалетная вода киев,80
где купить туалетную воду,80
купить туалетную воду киев,80
купить туалетную воду интернет магазин,80
туалетная вода интернет,80
туалетная вода через интернет,80
туалетная вода купить интернет магазин,80
туалетная вода купить онлайн,80
туалетная вода киев,80
заказать туалетную воду,80
куплю туалетную воду,80
туалетная вода украина,80
туалетная вода с,80
купить туалетную воду в интернет магазине,80
туалетную воду,80
туалетная вода заказать,80
туалетная вода киев купить,80
купить туалетную воду в украине,80
жилет бритва цена,81
gillette бритва купить,81
купить бритву жиллет,81
бритва жилет цена,81
бритва джилет цена,81
бритва gillette цена,81
купить бритву gillette,81
купить бритву жилет киев,81
бритва жилет купить,81
купить бритву жилет,81
бритвы жиллет цена,81
станок gillette,81
станок жилет цена,81
станок жиллет,81
gillette станок,81
станок жиллет фьюжен цена,81
станки для бритья жиллет,81
бритвы джилет,81
бритва жиллет,81
бритвы жилет,81
джилет бритвы,81
бритва gillette,81
шанту шампунь,82
shamtu шампунь,82
shamtu,82
шамту отзывы,82
шамту,82
отзывы о шампуне шамту,82
шампту,82
шампунь шамту виды,82
шампунь шамту,82
шамту шампунь,82
шампунь shamtu,82
инсоленс герлен цена,83
герлен инсоленс цена,83
guerlain insolence купить,83
insolence guerlain цена,83
insolence,83
insolence parfum,83
guerlain paris insolence,83
insolence perfume,83
perfume insolence,83
insolence by guerlain,83
духи инсоленс,83
parfum guerlain insolence,83
духи insolence guerlain paris,83
insolence guerlain paris,83
guerlain insolence,83
insolence духи,83
герлен парфюмерия,84
guerlain духи женские,84
парфюмерия guerlain,84
духи от герлен,84
парфюмерия герлен,84
guerlain парфюмерия,84
парфюм guerlain,84
герлен духи,84
женские духи герлен,84
guerlain духи,84
герлен парфюм,84
guerlain цена,84
купить духи герлен,84
guerlain духи цена,84
купить духи guerlain,84
герлен духи купить,84
купить духи герлен киев,84
духи guerlain цена,84
духи герлен цена,84
guerlain paris цена,84
guerlain парфюм цена,84
купить духи герлен в украине,84
тональный крем мейк ап ательер,85
тоналка ательер цена,85
ателье тональный крем цена,85
ательер тональный крем цена,85
тональный крем atelier купить,85
ателье тональный крем,85
atelier тональный крем цена,85
тональный крем ателье цена,85
тональный крем ателье купить,85
тональный крем ателье отзывы,85
тональный крем atelier отзывы,85
тональный крем ателье,85
atelier тональный крем,85
тональный крем atelier,85
ательер тональный крем,85
тоналка ательер,85
шампунь пантин,86
шампунь pantene,86
шампунь пантин цена украина,86
пантин шампунь купить,86
шампунь пантин прови цена,86
крема живанши,87
живанши крема,87
живанши крем,87
givenchy крем,87
бальзам для губ carmex,88
бальзам для губ кармекс отзывы,88
бальзамы кармекс,88
бальзам для губ кармекс,88
бальзамы для губ carmex,88
бальзам для губ carmex цена,88
бальзам carmex купить киев,88
бальзам carmex купить,88
купить бальзам carmex,88
carmex бальзам для губ купить,88
кератин в ампулах отзывы,89
ампулы кератина для волос,89
ампулы для волос с кератином,89
ампулы с кератином для волос,89
кератин в ампулах,89
волосы кератин,89
кератин волосы,89
что такое кератин для волос,89
кератин для волос,89
кератин купить,89
кератин для выпрямления,89
кератин киев купить,89
купить кератин для волос киев,89
купить кератин для выпрямления волос,89
купить кератин для выпрямления волос украина,89
кератин для волосся,89
ампулы для восстановления волос купить,90
купить ампулы для восстановления волос,90
купить ампулы для роста волос,90
ампулы для роста волос купить,90
ампулы для роста волос киев,90
ампулы для волос купить,90
капсулы для волос,90
ампулы для волос,90
ампулы для роста волос купить украина,90
насадка на машинку для стрижки,91
купить насадку на машинку для стрижки,91
купить насадку для машинки для стрижки,91
насадки на машинку,91
купить насадки для машинки для стрижки,91
насадки к машинкам для стрижки,91
насадки на машинку для стрижки,91
насадки для машинки для стрижки,91
насадки для машинки,91
насадки для машинки для стрижки волос купить,91
масло для волос жидкие кристаллы,92
кристалл для волос,92
жидкий кристалл для волос,92
жидкие кристалы для волос,92
жидкие кристаллы для волос,92
кристаллы для волос,92
кристалы для волос,92
кристаллы для волос купить,92
жидкие кристаллы купить,92
жидкие кристаллы для волос купить,92
жидкие кристаллы для волос цена,92
купить жидкие кристаллы для волос,92
кристаллы для волос цена,92
краска для волос chi купить киев,93
купить краску для волос chi,93
chi краска для волос купить киев,93
краска chi киев,93
краска chi купить,93
купить краску chi,93
краска для волос chi купить украина,93
chi краска для волос купить,93
краска для волос чи,93
chi ionic купить,93
краска для волос чи купить,93
chi краска для волос,93
organza perfume,94
givenchy organza perfume,94
органза духи,94
organza parfum,94
givenchy organza,94
organza духи,94
духи органза,94
живанши органза купить,94
givenchy organza купить,94
органза купить киев,94
органза купить украина,94
органза киев купить,94
organza by givenchy,94
органза живанши,94
живанши органза,94
ла вист э бель,95
ла виа эст бель,95
ланком лави э бель фото,95
ля ви э бель,95
lancome лави эбель,95
ланком ля ви э бэль,95
ланком ла ви э бель,95
ла виста бель,95
туалетная вода ла ви эбель,95
духи ла ви э бель,95
modern muse,96
modern muse est?e lauder цена,96
modern muse отзывы,96
estee lauder muse,96
модерн мьюз,96
estee lauder modern muse отзывы,96
эсте лаудер модерн мусс отзывы,96
estee lauder modern muse цена,96
modern muse цена,96
косметика organic,97
косметика органик,97
органик шоп косметика,97
органик косметика,97
organic косметика,97
organic shop,97
косметика органик шоп купить,97
купить organic shop,97
organic shop украина,97
organic shop заказать,97
крем нивея купить,98
купить крем nivea,98
купить крем нивея,98
nivea крем для лица отзывы,98
крем для лица нивея отзывы,98
крем нивея для лица отзывы,98
крем нівея відгуки,98
nivea crema,98
крема nivea,98
крема нивея,98
крем нивея каре,98
крем nivea care цена,98
крема нивея отзывы,98
отзывы о креме нивея,98
кремы нивея отзывы,98
крем nivea цена,98
крем нивея цена,98
крем нивеа цена,98
крем для лица нивеа,98
крем для лица нивея,98
чемодан для косметики купить киев,99
чемодан для косметики киев,99
кейс для косметики купить киев,99
кейс для косметики киев купить,99
кейс для косметики киев,99
кейс для косметики украина,99
кейс для косметики купить украина,99
купить кейс для косметики киев,99
купить кейс для косметики украина,99
кейсы для косметики купить киев,99
кейсы для косметики киев,99
чемоданчики для косметики,99
кисти для маникюра купить киев,100
кісточки для манікюру,100
набор кистей для маникюра,100
кисточки для маникюра купить,100
кисточки для маникюра,100
кисти для маникюра купить украина,100
кисти для маникюра купить,100
купить кисти для маникюра,100
кисточки для маникюра цена,100
купить кисточки для маникюра,100
кисточки для ногтей,100
кисти для маникюра,100
кисточка для ногтей,100
кисть для маникюра,100
набор кистей для маникюра купить,100
купить эфирное масло,101
купить эфирные масла,101
интернет магазин эфирные масла,101
магазин эфирных масел киев,101
масло эфирное купить,101
купить аромамасла,101
куплю эфирное масло,101
эфирное масло купить киев,101
эфирное масло киев,101
купить эфирные масла киев,101
эфирные масла киев,101
эфирные масла киев купить,101
натуральные эфирные масла купить киев,101
эфирные масла купить киев,101
купить эфирные масла в киеве,101
пенка для бритья для женщин,102
пена для бритья для женщин,102
женская пена для бритья,102
пена для бритья женская,102
пенка для бритья женская,102
средства для бритья для женщин,102
средство для бритья для женщин,102
шампунь nexxt отзывы,103
шампунь nexxt professional отзывы,103
nexxt professional шампунь отзывы,103
nexxt шампунь купить,103
шампунь nexxt цена,103
шампунь nexxt купить,103
nexxt шампунь цена,103
шампуни некст,103
шампунь некст,103
шампунь гарнье фруктис,104
шампуни гарньер фруктис каталог,104
fructis garnier shampoo,104
шампунь фруктис отзывы,104
шампунь гарньер фруктис отзывы,104
fructis отзывы,104
шампуни гарньер,104
шампунь garnier,104
garnier shampoo,104
garnier szampon,104
shampoo garnier,104
garnier шампунь,104
гарньер шампунь,104
шампунь гарньер,104
garnier fructis szampon,104
fructis shampoo,104
fructis шампунь,104
фруктис шампунь,104
шампунь гарньер фруктис,104
garnier fructis шампунь,104
шампуни фруктис,104
garnier fructis shampoo,104
духи пако рабан мужские,105
пако рабан духи мужские цена,105
пако рабан мужские духи,105
духи пако рабан мужские цена,105
мужской парфюм пако рабан,105
мужские духи paco rabanne,105
пако рабан духи мужские,105
пако рабан мужская парфюмерия,105
палитра теней купить украина,106
палетка теней киев,106
набор теней купить,106
набор теней для макияжа,106
палитра теней купить киев,106
купить набор теней,106
палитра теней киев купить,106
купить палитру теней,106
палитра теней киев,106
набор теней купить киев,106
палетка теней купить киев,106
палитра теней купить,106
палитра теней,106
палетка теней украина,106
где купить палетку теней,106
палетки теней купить,106
палетки теней украина,106
купить палетки теней,106
палетки теней интернет магазин,106
палетка теней купить,106
заказать палетку теней,106
палитра теней купить недорого,106
духи эсте лаудер цена,107
купить духи эсте лаудер в украине,107
туалетная вода эсте лаудер,107
эсте лаудер духи,107
духи estee,107
парфюм эсте лаудер,107
духи эсте лаудер,107
parfum estee lauder,107
estee lauder парфюм,107
эсте лаудер парфюм,107
estee lauder духи,107
духи estee lauder,107
эсте лаудер духи цена,107
духи эстелаудер,107
духи эскада,108
parfum escada,108
парфюм ескада,108
туалетная вода escada,108
духи ескада,108
escada perfume,108
духи escada,108
ескада духи,108
эскада,108
эскада парфюм,108
escada парфюмерия,108
аромат эскада,108
парфюм эскада,108
escada духи,108
escada perfume price,108
escada духи цена,108
купить escada,108
купить духи escada,108
эскада духи,108
кельвин кляйн sheer beauty,109
sheer beauty calvin klein отзывы,109
calvin klein духи sheer beauty,109
кельвин кляйн духи шер бьюти,109
кельвин кляйн шир бьюти,109
духи calvin klein sheer beauty цена,109
кельвин кляйн шер бьюти цена,109
туалетная вода кельвин кляйн шер бьюти,109
духи шер бьюти,109
кельвин кляйн бьюти шер,109
духи кельвин кляйн шер бьюти,109
clear vita abe цена,110
купить шампунь clear vita abe,110
клиа вита абе цена,110
клеар вита абе отзывы,110
clear vita abe отзывы,110
шампунь clear vita abe отзывы,110
клеар витабе отзывы,110
шампунь clear vita abe,110
vita abe,110
clear vita abe шампунь,110
шампунь clear,110
шампуни clear,110
клеар шампунь,110
шампуни клеар,110
clear шампунь,110
clear vita abe,110
шампунь clear vita abe цена,110
клеар шампунь цена,110
шампунь clear цена,110
шампунь клеар цена,110
шампунь клиа вита абе цена,110
купить шампунь клеар,110
купить шампунь clear,110
clear шампунь цена,110
органическая косметика купить в украине,111
органическая косметика в украине,111
органическая косметика,111
органическая косметика украина,111
органическая косметика купить,111
натуральна косметика україна,111
натуральная косметика украина,111
натуральная косметика в украине,111
натуральна косметика украина,111
органическая косметика для лица киев,111
натуральная косметика киев,111
интернет магазин натуральной косметики украина,111
интернет магазин органической косметики украина,111
интернет магазин натуральной косметики киев,111
магазин натуральной косметики киев,111
магазины натуральной косметики киев,111
натуральна косметика,111
натуральная косметика,111
интернет магазин органической косметики,111
органическая косметика интернет магазин,111
магазин натуральной косметики украина,111
органическая косметика в киеве,111
органическая косметика украина купить,111
купить органическую косметику,111
органическая косметика киев купить,111
купить органическую косметику в киеве,111
натуральная и органическая косметика,111
магазины органической косметики,111
где купить органическую косметику,111
купить органическую косметику киев,111
органическая косметика купить киев,111
органическая косметика купить украина,111
натуральная косметика украина купить,111
купить органическую косметику в украине,111
органическая натуральная косметика,111
косметика органическая,111
эко косметика киев,111
купить натуральную косметику киев,111
натуральная косметика купить киев,111
натуральная косметика купить в киеве,111
купить натуральную косметику в украине,111
натуральная косметика купить в украине,111
косметика натуральная купить,111
купить натуральную косметику в киеве,111
натуральная косметика в киеве,111
натуральная косметика купить украина,111
maison margiela духи,112
martin maison margiela perfume,112
мейсон мартин марджела ароматы,112
маржела духи,112
духи мейсон мартин марджела,112
парфюм мейсон мартин марджела,112
martin margiela perfume,112
maison martin margiela parfum,112
untitled maison martin margiela,112
maison martin margiela perfume untitled,112
maison martin margiela духи купить,112
maison martin margiela perfume,112
мейсон мартин марджела духи,112
margiela духи,112
maison martin margiela духи,112
maison martin margiela untitled perfume,112
maison margiela perfume,112
maison martin margiela replica купить,112
margiela perfume,112
maison martin,112
maison martin margiela,112
мери кей отзывы духи,113
мери кей парфюм отзывы,113
духи мэри кей,113
духи mary kay,113
туалетная вода мери кей,113
mary kay духи,113
духи мери кей цена,113
мери кей туалетная вода,113
белара мери кей,113
мери кей белара,113
perfume mary kay,113
мэри кэй духи,113
кисти для макияжа мери кей,114
набор кистей мери кей,114
кисточки для макияжа мери кей,114
мэри кей кисти,114
набор кистей mary kay,114
мери кей набор кистей,114
кисточки мери кей,114
mary kay кисти для макияжа,114
кисти мери кей цена,114
кисти мери кей,114
кисти мери кей отзывы,114
кисти mary kay отзывы,114
кисти для макияжа мери кей отзывы,114
кисти от мери кей,114
мери кей кисти,114
кисти мэри кэй,114
косметика мери кей,115
косметика mary kay,115
косметика мэри кэй,115
косметика мари кей,115
как заказать косметику мери кей,115
mary kay косметика,115
косметика от мери кей,115
косметика мэри кей,115
мэри кей косметика,115
косметика мери кей купить украина,115
купить продукцию мери кей,115
косметики мери кей,115
косметика mary kay купить,115
мэри кэй косметика,115
купить мери кей украина,115
мери кей косметика,115
купить косметику мэри кэй,115
заказать косметику мери кей,115
косметика мери кей каталог цены,115
мэри кэй продукция цены,115
косметика мери кей цена,115
косметика мери кей цены,115
мари кей косметика,115
косметика мери кей украина,115
косметика мери кей в украине,115
косметика мери кей киев,115
мари кей каталог украина,115
купить мери кей,115
купить мери кей киев,115
mary kay киев купить,115
мэри кей киев,115
mary kay купить киев,115
мери кей купить онлайн,115
купить косметику mary kay,115
духи бандерос мужские,116
вода антонио бандерас,116
парфюм бандерас,116
духи антоніо бандерас,116
антоніо бандерас духи,116
купить антонио бандерас,116
антонио бандерос духи цена,116
антонио бандерас туалетная вода,116
туалетная вода антонио бандерос,116
туалетна вода антонио бандерас,116
духи антонио бандерас,116
туалетная вода бандерос,116
parfum antonio banderas,116
antonio banderas парфюм,116
антонио бандерас парфюм,116
накладные ресницы,117
искусственные ресницы,117
натуральные накладные ресницы,117
накладные ресницы натуральные,117
куплю ресницы,117
купить ресницы,117
ресницы купить,117
купить ресницы киев,117
ресницы купить киев,117
пучки ресниц цена,117
ресницы мак,117
mac ресницы,117
пучки для ресниц,117
пучки ресниц,117
накладные ресницы цена,117
сколько стоят накладные ресницы,117
накладные ресницы купить киев,117
ресницы накладные купить,117
где купить накладные ресницы,117
накладный ресницы купить,117
купить ресницы накладные,117
купить накладные ресницы в интернет магазине,117
накладные ресницы интернет магазин,117
купить накладные ресницы киев,117
купить накладные ресницы украина,117
ресницы накладные купить киев,117
купить натуральные накладные ресницы,117
накладные ресницы где купить,117
искусственные ресницы купить,117
накладные ресницы купить,117
eisenberg купить киев,118
жозе айзенберг духи цена,118
духи жозе айзенберг цена,118
jose eisenberg купить,118
eisenberg купить,118
jose eisenberg jose,118
духи j ose,118
jose духи,118
купить eisenberg,118
айзенберг духи,118
eisenberg духи,118
айзенберг парфюмерия,118
туалетная вода айзенберг,118
духи eisenberg jose,118
eisenberg jose духи,118
карло фраччи духи,119
карло фраччи,119
карла фраччи парфюм,119
парфюм карла фраччи,119
carla fracci carla fracci,119
карла фраччи духи,119
духи carla fracci,119
купить духи карла фраччи,119
шампунь concept,120
концепт шампунь купить,120
шампунь concept купить,120
купить шампунь концепт,120
шампунь концепт купить,120
купить шампунь concept,120
шампунь для нейтрализации желтизны,120
концепт шампунь от желтизны,120
концепт шампунь,120
concept шампунь,120
шампунь концепт,120
oilatum крем купить,121
ойлатум крем цена,121
ойлатум купить киев,121
oilatum купить киев,121
крем ойлатум цена,121
крем ойлатум купить,121
ойлатум купить,121
oilatum купить,121
мустелла,122
mustela mustela,122
мустела где купить,122
косметика mustela,122
mustela косметика,122
косметика мустела,122
mustela review,122
мустела каталог,122
мустела продукция,122
мистела,122
mustella,122
мастелла,122
продукция мустела,122
косметика для новорожденных мустела,122
mustela reviews,122
мустела косметика,122
мустела солнцезащитный крем,122
mustela киев купить,122
купить mustela в украине,122
купить косметику мустела,122
крем мустела цена,122
купить mustela киев,122
купить краску концепт,123
краска концепт купить,123
концепт краска купить,123
концепт краска цена,123
краска концепт,123
палитра красок концепт,123
краска для волос концепт,123
концепт краска палитра,123
краска concept,123
палитра краски концепт,123
концепт краска для волос,123
concept краска,123
краска для волос concept,123
сислей купить,124
косметика сислей купить,124
sisley купить украина,124
косметика sisley купить киев,124
косметика sisley купить,124
косметика sisley,124
sisley косметика киев,124
косметика сислей купить украина,124
sisley купить,124
sisley купить киев,124
sisley косметика украина,124
sisley отзывы,124
косметика сислей отзывы,124
сислей отзывы,124
sisley косметика,124
sisley cosmetics,124
сислей косметика купить,124
сислей косметика цена,124
купить sisley,124
косметика сислей,124
сислей косметика,124
sisley косметика купить,124
крем нормадерм,125
vichy normaderm krem,125
vichy norma derm,125
normaderm,125
нормадерм от виши,125
нормадерм виши отзывы,125
крем vichy normaderm,125
нормадерм,125
normaderm vichy,125
vichi normaderm,125
виши нормадерм купить,125
vichy normaderm цена,125
normaderm vichy купить,125
купить vichy normaderm,125
купить виши нормадерм,125
віші нормадерм ціна,125
vishy normaderm,125
нормадерм от виши цена,125
купить крем виши нормадерм,125
нормадерм виши цена,125
vichy normaderm купить,125
normaderm vichy цена,125
vichy normaderm prezzo,125
виши нормадерм цена,125
vichy normaderm купить киев,125
byredo духи,126
парфюм байредо,126
духи байредо,126
byredo,126
духи буредо,126
байредо,126
byredo ароматы,126
парфюм byredo,126
духи byredo,126
духи byredo цена,126
купить духи byredo,126
byredo купить киев,126
byredo парфюм,126
byredo купить,126
духи байредо цена,126
byredo price,126
byredo цена,126
byredo киев,126
byredo духи цена,126
бию косметика,127
косметика бью,127
be yu купить,127
косметика beyu каталог,127
beyu киев,127
косметика би ю,127
beyu косметика официальный сайт,127
beyu купить,127
косметика beyu киев,127
косметика бию,127
косметика beyu купить,127
beyu киев купить,127
бию,127
косметика beyu,127
beyu косметика,127
beyu cosmetics,127
beyu цены,127
косметика beyu купить киев,127
туалетная вода марк якобс,128
марк джейкобс туалетная вода,128
marc jacobs daisy price,128
daisy marc jacobs price,128
marc jacobs косметика купить,128
marc jacobs косметика,128
якобс украина,128
jacobs украина,128
marc jacobs парфюм,128
духи марк якобс,128
марк джейкобс духи,128
парфюм марк якобс,128
marc jacobs daisy купить,128
marc jacobs духи,128
daisy marc jacobs ціна,128
parfum marc jacobs,128
духи марк джейкобс,128
ла перла парфюм,129
parfum la perla,129
la perla parfum,129
ла перла духи,129
духи ла перла,129
парфюм ла перла,129
la perla духи цена,129
купить духи ла перла,129
la perla j'aime,129
la perla jaime,129
духи la perla,129
духи ла перла цена,129
ла перла духи цена,129
la perla perfume,129
la perla духи,129
парфюм la perla,129
la perla парфюм,129
умная эмаль для ногтей,130
умная эмаль,130
эмаль для ногтей,130
умная емаль,130
умная эмаль каталог,130
умная эмаль укрепитель ногтей отзывы,130
умная эмаль укрепитель ногтей,130
умная эмаль для ногтей отзывы,130
умная эмаль frenchi,130
frenchi умная эмаль,130
эмаль киев,130
эмаль купить,130
умный эмаль,130
умная эмаль лак,130
лак умная эмаль,130
лаки умная эмаль,130
умная эмаль киев,130
умная эмаль для ногтей цена,130
умная эмаль цена,130
купить умная эмаль,130
умная эмаль купить,130
умная эмаль где купить,130
косметика шварцкопф каталог,131
шварцкопф купить,131
шварцкопф интернет магазин,131
средства по уходу за волосами шварцкопф,131
косметика шварцкопф киев,131
купить schwarzkopf,131
schwarzkopf professional киев,131
интернет магазин шварцкопф,131
шварцкопф киев купить,131
косметика шварцкопф профессионал,131
магазин schwarzkopf,131
schwarzkopf купить украина,131
schwarzkopf купить киев,131
шварцкопф профессионал,131
косметика шварцкопф купить,131
schwarzkopf professional интернет магазин,131
шварцкопф купить киев,131
schwarzkopf интернет магазин,131
schwarzkopf professional украина интернет магазин,131
продукция шварцкопф украина,131
купить schwarzkopf professional,131
шварцкопф официальный сайт украина,131
профессиональная косметика schwarzkopf,131
schwarzkopf купить,131
профессиональная косметика шварцкопф,131
schwarzkopf ukraine,131
schwarzkopf professional купить украина,131
schwarzkopf украина,131
шварцкопф украина официальный сайт,131
шварцкопф украина,131
got2b schwarzkopf,131
got 2 be schwarzkopf,131
schwarzkopf professional,131
шварцкопф в украине,131
шварцкоп,131
swarckof professional,131
крем для лица лореаль цена,132
маски для лица лореаль,132
loreal маски для лица,132
l'oreal маска для лица,132
лореаль маски для лица,132
маска лореаль для лица,132
крем loreal отзывы,132
лореаль крем для лица,132
кремы для лица лореаль,132
лореаль для лица,132
крема лореаль для лица,132
лореаль париж крем для лица,132
крем loreal,132
loreal крем,132
крем для лица лореаль,132
мейбелин украина купить,133
косметика мейбелин купить украина,133
maybelline цены,133
косметика мейбелин,133
косметика от мейбелин,133
maybelline киев,133
мейбелин цены,133
купить косметику мейбелин в украине,133
мейбелин купить украина,133
косметика мейбелин украина,133
купить мейбелин украина,133
maybelline купить,133
мейбелин купить,133
косметика maybelline купить,133
косметика мейбелин цены,133
каталог мейбелин украина,133
купить помаду мейбелин украина,133
косметика maybelline купить украина,133
мэйбеллин украина,133
косметика мейбелин киев,133
maybelline купить украина,133
косметика maybelline киев,133
maybelline украина,133
отзывы мейбелин,133
maybelline отзывы,133
косметика maybelline отзывы,133
отзывы о косметике мейбелин,133
косметика мейбелин отзывы,133
купить косметику мейбелин,133
косметика мейбелін,133
косметика мейбелин купить,133
заказать косметику мейбелин,133
купить краску для волос wella,134
велла купить краску,134
краска велла цена,134
купить краску велла,134
краска wella купить,134
купить краску wella,134
краска велла купить,134
велла краска цена,134
краска wella,134
wella краска,134
краска велла,134
купить помаду ив сен лоран,135
ив сен лоран косметика киев,135
ивсенлоран косметика,135
yves saint laurent косметика каталог,135
ив сен лоран помада цена,135
ив сен лоран украина,135
косметика yves saint laurent,135
yve saint laurent cosmetics,135
ysl косметика,135
ив сен лоран косметика,135
купить помаду ив сен лоран украина,135
ив сен лоран косметика отзывы,135
косметика ив сен лоран отзывы,135
косметика ив сен лоран,135
косметика ив сен лоран купить,135
yves saint laurent косметика официальный сайт,135
ив сен лоран помада купить,135
помада ив сен лоран купить,135
декоративная косметика ив сен лоран,135
косметика ив сен лоран каталог,136
yves saint laurent каталог,136
косметика ysl,136
yves saint laurent косметика,136
ysl купить,136
монитор lenovo,137
монитор леново купить,137
lenovo монитор,137
купить монитор леново,137
купить монитор lenovo,137
леново монитор,137
lenovo мониторы,137
"монитор 22""",138
мониторы 22,138
монитор 22,138
мониторы 22 дюйма цена,138
мониторы 22 дюйма,138
монитор 22 дюйма,138
мониторы 22 дюйма цены,138
монитор 22 дюйма цена,138
мониторы 4к купить,139
монитор 4к цена,139
4к монитор цена,139
мониторы ultra hd,139
монитор 4k купить,139
купить монитор 4k,139
4k монитор купить,139
мониторы 4k купить,139
купить 4k монитор,139
монитор 4k купить,139
купить монитор 4k,139
4k монитор купить,139
мониторы 4k купить,139
купить 4k монитор,139
4k монитор цена,139
мониторы 4k цена,139
4k monitor цена,139
4k мониторы купить,139
4k монитор цена,139
мониторы 4k цена,139
4k monitor цена,139
4k мониторы купить,139
transcend жесткий диск купить,140
внешний жесткий диск transcend купить,140
transcend внешний жесткий диск,140
внешний жесткий диск трансенд,140
купить жесткий диск transcend,140
жесткий диск внешний transcend,140
внешний жесткий диск трансенд купить,140
жесткий диск трансенд,140
трансенд жесткий диск,140
transcend жесткий диск,140
жесткий диск transcend,140
внешний жесткий диск transcend,140
внешние жесткие диски transcend,140
жесткие диски transcend,140
винчестер терабайт цена,141
hdd 1 тб цена,141
купить винчестер на 1 терабайт,141
1 тб купить,141
терабайт жесткий диск,141
жесткий диск на 1 терабайт цена украина,141
терабайт купить,141
купить жесткий диск терабайт,141
жесткий диск на 1 терабайт купить,141
цена жесткого диска на терабайт,141
винчестер на 1 тб цена,141
купить hdd 1 тб,141
вінчестер 1 терабайт ціна,141
винчестер на терабайт,141
винчестер 1 тб,141
купить жесткий диск на 1 терабайт,141
винчестер 1 тб цена,141
диск 1 тб,141
жесткий диск на терабайт,141
1 терабайт цена,141
1 tb price,141
диск на терабайт,141
винчестер на терабайт цена,141
купить жесткий диск 1 тб,142
жесткий диск на 1 тб купить,142
купить жесткий диск на 1 тб,142
hdd 1 тб купить,142
жесткие диски на 1 тб,142
цена жесткий диск 1 тб,142
купить винчестер 1 тб,142
hdd цена киев,143
жесткие диски цена киев,143
купить жесткий диск киев,143
винчестеры киев,143
винчестер цена киев,143
купить hdd киев,143
купить в киеве жесткий диск,143
hdd киев,143
терабайтник купить киев,143
hdd диск купить киев,143
жесткий диск киев купить,143
жесткие диски киев,143
жесткий диск купить киев,143
купить винчестер киев,143
жесткие диски купить киев,143
жесткий диск киев,143
купить жесткий диск в киеве,143
жесткий диск купит,143
купить винчестер,143
жесткий купить,143
жесткие диски купить украина,143
винчестер купить киев,143
купить жесткий диск для пк в украине,143
жесткий диск украина,143
винчестер купить,143
купить жосткий диск,143
магазин жестких дисков,143
жесткий диск hdd купить,143
цена на жесткие диски,143
hdd купить,143
монитор асер цена,144
монитор acer цена,144
купить монитор acer,144
монитор acer,144
мониторы acer,144
мониторы асер цены,144
монитор aser,144
асер монитор,144
acer монитор,144
monitor acer,144
купить смартфон ксиаоми,145
купить смартфон xiaomi,145
где купить смартфон xiaomi,145
купить смартфон xiaomi,145
купить смартфоны xiaomi,145
купить смартфон сяоми,145
купить смартфон хиаоми,145
смартфоны xiaomi купить,145
купить смартфон ксиаоми,145
ксиоми киев,145
миоми телефон,145
телефоны ксиаоми,145
ксіаомі,145
xiaomi телефоны купить,145
ксаоми телефон,145
купити xiaomi,145
хаоми телефон,145
телефон сяоми 3,145
сяоми телефон купить,145
сяоми купить киев,145
ксиоми киев,145
миоми телефон,145
телефоны ксиаоми,145
ксіаомі,145
xiaomi телефоны купить,145
ксаоми телефон,145
купити xiaomi,145
хаоми телефон,145
телефон сяоми 3,145
сяоми телефон купить,145
сяоми купить киев,145
телефон тексет,146
тексет телефон,146
телефоны тексет,146
телефон texet фото,146
фото телефона texet,146
купить аккумулятор для телефона texet,146
телефон техет,146
мобильные телефоны texet цены,146
купить телефон тексет,146
купить телефон texet,146
мобильный телефон тексет,146
купить мобильный телефон texet,146
телефоны texet,146
телефон texet цена,146
телефоны тексет цена,146
телефон texet купить,146
мобильные телефоны тексет,146
смартфон сони,147
смартфон sony,147
смартфон сони цены,147
купити телефон сони,147
sony купить смартфон,147
купити телефон sony,147
телефоны sony купить,147
соні телефон,147
сони смартфони,147
sony телефон фото,147
sony telefone,147
купить телефон сони недорого,147
телефон sony купить,147
sony xperia купить в украине,147
мобільні телефони соні,147
телефон сони хперия,147
смартфони соні ціни,147
телефоны sony,147
сони телефоны купить,147
сколько стоит телефон сони иксперия,147
купить телефон сони украина,147
zte смартфоны,148
купить смартфон zte,148
купить смартфон зте,148
смартфон zte купить,148
zte price,148
смартфони zte,148
zte телефоны,148
zte телефон,148
zte blade s7 купить в украине,148
zte blade s7 украина,148
zte blade s7 цена украина,148
zte blade s7 купить украина,148
zte blade s7 киев,148
zte смартфоны цены,148
смартфоны zte цены,148
цены на смартфоны zte,148
смартфон zte цены,148
смартфоны зте,148
смартфоны zte,148
zte купить в украине,148
zte купить украина,148
купить zte,148
zte смартфон купить,148
zte телефоны купить,148
купить смартфоны zte в украине,148
смартфоны zte купить в украине,148
телефон zte купить,148
купить смартфон zte в украине,148
zte купить,148
qumo купить,149
телефон кумо цена,149
телефоны qumo,149
qumo цена,149
смартфон qumo купить,149
купить qumo,149
смартфон qumo quest 507 black,149
мобильные телефоны qumo,149
телефон qumo цена,149
смартфон qumo,149
купить смартфон qumo,149
смартфоны кумо,149
смартфоны qumo,149
смартфоны qumo quest,149
смартфон кумо,149
qumo смартфон,149
qumo смартфоны,149
планшеты кумо,149
купить смартфон моторола в украине,150
смартфоны motorola купить,150
моторола мобильный телефон,150
motorola telefon,150
моторола телефоны,150
motorola цены,150
купить смартфон motorola,150
моторола купить телефон,150
моторола телефоны купить украина,150
смартфон моторола купить киев,150
смартфоны моторола украина,150
смартфоны motorola купить украина,150
моторола купить в украине,150
купить моторолу киев,150
купить телефон motorola в украине,150
motorola киев,150
motorola regbnm,150
моторола смартфон купить,150
price motorola,150
моторола смартфон купить украина,150
смартфоны моторола купить в киеве,150
моторола купить,150
motorola купить,150
смартфоны моторола,150
смартфон motorolla,150
смартфон моторола,150
смартфоны motorola,150
моторола смартфоны,150
motorola смартфон,150
смартфон motorola,150
купить телефон honor,151
хонор телефоны,151
мобильный телефон хонор,151
телефон хонор цена,151
купить телефон хонор,151
хонор телефон,151
телефон хонор,151
цена телефона honor,151
телефон honor цена,151
honor телефон,151
honor телефоны,151
telefoni honor,151
honor telefon,151
телефоны honor,151
телефоны хонор,151
honor купить,151
honor price,151
купить смартфон honor,151
купить honor,151
honor телефон цена,151
телефони gigabyte,152
телефони гігабайт,152
телефоны гигабайт,152
телефоны гигабайт,152
мобильный телефон gigabyte,152
buy gigabyte,152
мобильные телефоны гигабайт,152
мобильные телефоны gigabyte,152
смартфони gigabyte,152
смартфон джисмарт,152
купить смартфон гигабайт в украине,152
купить смартфон gigabyte,152
смартфон гигабайт цена,152
купить смартфон gigabyte,152
купить смартфон гигабайт,152
смартфон g smart,152
gigabyte смартфон,152
смартфоны гигабайт отзывы,152
купить смартфон гигабайт в украине,152
gsmart смартфон,152
смартфоны гигабайт,152
смартфоны гигабайт купить,152
смартфон gigabyte,152
смартфоны гигабайт,152
гигабайт смартфоны,152
смартфон gigabyte gsmart,152
gigabyte смартфоны,152
смартфон гигабайт цена,152
смартфоны gsmart,152
телефон gigabyte цена,152
смартфон гигабайт,152
купить смартфоны gigabyte,152
смартфон gigabyte,152
смартфоны gigabyte отзывы,152
смартфон gsmart,152
смартфон гигабайт,152
gigabyte купить,152
смартфоны gigabyte,152
купить смартфон гигабайт,152
смартфоны gigabyte,152
гигабайт смартфон,152
smartphone gigabyte,152
телефон gigabyte цена,152
купить gigabyte,152
купить телефоны эксплей,153
куплю телефон эксплей,153
телефоны эксплей цены,153
explay телефоны цены,153
купить смартфоны explay,153
смартфон explay цена,153
купить смартфон explay,153
смартфон эксплей цена,153
купить смартфон эксплей,153
смартфоны эксплей,153
эксплей смартфон,153
explay смартфоны цены,153
смартфон эксплей купить,153
смартфон эксплей,153
смартфон explay,153
смартфоны explay цены,153
смартфоны explay,153
смартфоны эксплей цены,153
explay tornado купить в украине,153
explay купить,153
эксплей телефон,153
explay цена,153
телефоны explay,153
експлей телефон,153
explay цены,153
купить телефон explay,153
эксплей телефон цена,153
купить explay,153
купить мобильный телефон explay,153
купить телефоны explay,153
эксплей цена,153
мобильный телефон explay,153
телефон explay,153
телефон эксплей,153
explay телефон цена,153
купить смартфон блэкберри,153
смартфоны blackberry купить,153
смартфон блэкберри цена,153
купить смартфон blackberry,153
смартфон blackberry купить,153
купить смартфоны blackberry,153
купить телефон blackberry,153
мобильный телефон blackberry,153
телефон блэкберри купить,153
телефоны blackberry цены,153
телефоны blackberry купить,153
телефон blackberry купить украина,153
телефон блекбері,153
телефони blackberry,153
блекберри купить киев,153
blackberry украина,153
блекбери купить,153
блекбери киев,153
блекбері україна,153
blackberry купить киев,153
телефони блекбері ціни,153
телефоны блекбері ціни,153
blackberry киев купить,153
телефон блэкберри купить украина,153
купить blackberry в украине,153
купить смартфон asus в интернет магазине,154
купить телефон асус в интернет магазине,154
новые телефоны asus,154
продажа телефонов asus,154
телефона асус,154
асус телефон купить,154
asus телефоны купить,154
купить asus телефон,154
асус цена телефон,154
телефоны асус купить в украине,154
telefon asus cena,154
купить смартфон асус киев,154
купить мобильный телефон асус в киеве,154
асус смартфон,154
смартфоны asus цены и характеристики,154
смартфон асус цена,154
асус телефони,154
смартфоны асус каталог с ценами фото,154
смартфон асус,154
мобильные телефоны asus цены,154
купить смартфон asus в украине,154
купить смартфон asus,154
asus смартфони,154
цена асус зенфон,154
зенфон цена,154
асус зенфон цена,154
telefon asus zenfone,154
смартфоны асус зенфон,154
сенсорные телефоны alcatel,155
сенсорные телефоны алкатель,155
телефоны алкатель сенсорные,155
смартфон алкатель,155
смартфоны алкатель,155
купить телефон one touch,155
алкател цена,155
смартфоны алкатель купить,155
цена телефона алкатель,155
алкатель телефон цена,155
смартфони алкатель,155
цена на телефон алкатель,155
смартфон alcatel,155
алкатель телефон андроид,155
сенсорный телефон алкатель андроид,155
телефоны acer цены,156
телефон acer отзывы,156
acer смартфоны,156
мобильные телефоны acer цены,156
смартфоны acer купить,156
смартфоны асер,156
смартфоны aser,156
купить смартфон асер,156
acer смартфон купить,156
купить телефон асер в украине,156
телефоны acer,156
мобильные телефоны acer,156
telefony acer,156
acer мобильные телефоны,156
acer mobilok,156
мобильные телефоны асер,156
мобильные телефоны acer,156
купить телефон асер,156
lenovo 8 ядер,157
смартфон lenovo 8 ядер,157
леново 8 ядер,157
телефон lenovo 8 ядер,157
леново 8 ядрен,157
lenovo 8 ядрен,157
смартфоны с 8 ядрами,157
телефоны с 8 ядрами,157
смартфоны 8 ядер,157
телефон 8 ядер,157
8 ядер телефон,157
8 ядер смартфон,157
телефоны 8 ядер,157
смартфон 4 ядра 2 сим,158
4 ядра смартфон,158
смартфон 4 ядра,158
смартфон 4,158
смартфон 4,158
телефоны 4 ядра,158
купить телефон 4 ядра,158
мобильные телефоны 4 ядра,158
4 ядра телефон,158
купить смартфон 4 ядра,158
телефон 4 ядра,158
ударостойкий телефон,159
телефон ударостойкий,159
защищенный мобильный телефон,159
мобильный телефон защищенный,159
мобильные телефоны защищенные,159
бронированные телефоны,159
защищенные мобильные телефоны,159
защищенніе телефоні,159
защищенные смартфоны купить,159
смартфоны защищенные,159
бронированные телефоны купить,159
защищенный телефон купить,159
защищенные мобильные телефоны и смартфоны,159
купить смартфон защищенный,159
купить телефон защищенный,159
смартфон защищенный купить,159
защищенные мобильные телефоны купить,159
защищенные телефоны украина купить,159
противоударные телефоны украина,159
противоударные телефоны на 2 сим карты,159
противоударные телефоны купить,159
противоударные телефоны киев,159
купить противоударный смартфон,159
купить противоударный телефон в украине,159
противоударные телефоны купить в украине,159
противоударные телефоны купить киев,159
противоударный смартфон купить,159
купить противоударный смартфон в украине,159
смартфон на 3 сим,160
смартфоны на 3 сим карты,160
телефон 3 сим карты андроид,160
смартфон 3 sim,160
3 сим смартфон,160
3 sim смартфон,160
смартфон с 3 sim,160
купить смартфон на 3 сим карты,160
смартфон с 3 сим,160
смартфон на 3 симки,160
смартфон на 3 sim карты,160
смартфон на три сим карты,160
смартфоны 3 сим карты,160
мобильный телефон с 3 сим картами,160
смартфоны на 3 сим карты украина,160
телефон на 3 симкарты,160
телефон на 3,160
смартфон на 3 сим карты купить в украине,160
телефон 3 симки,160
телефоны на 3 сим карты украина,160
телефон с 3 сим,160
телефон на 3 симки украина,160
телефоны 3 sim карты,160
телефон с 3 сим карти,160
телефон три сим карты,160
3 сим карты,160
купить мобильный телефон на 3 сим карты в украине,160
телефоны на 3 сим карты самсунг,160
сенсорный телефон на 3 сим карты,160
телефон с 3 сим картами купить,160
телефон на 3 сім карти,160
телефон 3 сим карты украина,160
телефон с диагональю 5.5,161
смартфоны с экраном 5.5,161
телефон 5.5 дюймов,161
смартфоны диагональ 5.5,161
купить смартфон 5.5 дюймов недорого в интернет магазине,161
купить смартфон 5.5 дюймов,161
купить телефон 5.5 дюймов,161
купить смартфон 5.5 дюймов в украине,161
смартфоны 5 дюймов,161
смартфоны от 5 дюймов,161
телефон 5 дюймов купить,161
смартфон диагональ 5 дюймов,161
смартфон 5 дюймов купить в украине,161
телефони 5 дюймів,161
5 дюймов телефон,161
телефон на 5 дюймов,161
телефоны с диагональю 5,161
телефон леново 5 дюймов,161
телефон lenovo 5 дюймов,161
телефон экран 5 дюймов,161
смартфон 5 дюйма,161
купить телефон 5 дюйма,161
5 5 дюймов телефон,161
5 дюймовый смартфон,161
купить телефон 5 дюймов в украине,161
купить телефон 5 дюймов,161
телефоны диагональ 5 дюймов,161
телефоны 5 дюймов,161
телефон с экраном 5 дюйма,161
купить смартфон 5 5 дюймов,161
смартфон 5 5 дюймов,161
телефоны с 5 дюймовым экраном,161
5 дюймов смартфон,161
смартфон 5 дюймов цена,161
сенсорные ноутбуки,162
ноутбуки сенсорные,162
сенсорный ноутбук купить,162
сенсорный экран на ноутбук,162
ноутбук с сенсорным экраном,162
ноутбук сенсорный экран купить,162
ноутбуки сенсорный экран,162
ноутбук сенсорный экран,162
сенсорные ноутбуки купить,162
ноутбук асус с сенсорным экраном,162
ноутбуки сенсорным экраном,162
сенсорные ноутбуки цены,162
цены на ноутбуки тошиба,163
ноутбуки toshiba цены,163
цены на ноутбуки тошиба,163
ноутбуки toshiba в украине,163
купить ноутбук тошиба в украине,163
купить тошиба,163
toshiba price,163
ноутбуки toshiba купить,163
laptopy toshiba,163
тошиба ноутбуки,163
ноутбуки toshiba,163
toshiba buy,163
laptop toshiba cena,163
ноутбук тошиба цена,163
toshiba ноутбук купить,163
купить ноутбук тошиба satellite,163
ноутбуки toshiba киев,163
купить ноутбук toshiba satellite,163
ноутбуки toshiba цена,163
сони вайо ноутбук,164
ноутбук сони vaio,164
ноутбук sony vaio купить киев,164
sony vaio buy,164
sony vaio украина,164
ноутбуки вайо,164
sony vaio ноутбуки,164
vaio ноутбук цена,164
ноутбуки vaio цены,164
sony notebook купить,164
купить сони вайо ноутбук,164
сони ноутбук купить,164
купить ноутбуки sony vaio,164
sony vaio купить ноутбук,164
vaio купить,164
sony vaio ноутбук цена,164
купить ноутбук sony vaio в украине,164
ноутбуки sony киев,164
сони ноут,164
сони валио цена,164
ноутбук msi купить,165
ноутбук мси цена,165
ноутбуки msi купить,165
msi ноутбуки цены,165
ноутбуки мсай,165
купить ноутбук msi,165
купить ноутбук msi в киеве,165
msi ноутбуки,165
msi купить украина,165
купить нетбук msi,165
ноут мси цена,165
нетбук msi цена,165
ноутбуки msi цены,165
msi купить,165
купить ноутбуки msi,165
ноутбуки msi,165
купить ноут msi,165
купить msi ноутбук,165
msi купить ноутбук,165
ноутбуки мсі,165
msi цена,165
купить ноутбук msi в украине,165
msi ноутбуки цена,165
купить msi,165
ноутбук msi цена,165
msi ноутбук купить,165
ноутбук msi купить украина,165
ноутбуки msi купить украина,165
ноутбук купить msi,165
ноутбуки леново киев,166
ноутбуки lenovo купить киев,166
леново ноутбук,166
ноутбуки lenovo цены в украине,166
ноутбуки lenovo,166
ноут леново,166
lenovo где купить ноутбуки,166
купить ноутбук lenovo thinkpad,166
купить ноутбук леново,166
ноутбук ленова,166
купить ноутбук lenovo,166
lenovo ноутбуки,166
ленова ноутбук,166
купить ноутбук киев леново,166
купить ноутбук леново в киеве,166
купить ноутбук леново в украине,166
notebook lenova,166
ноутбук линова,166
ноутбуки lenovo украина,166
ноутбуки леново ціни,166
ноутбуки леново розетка,166
купить ноутбук lenovo в киеве,166
цена на ноутбук леново,166
нетбук lenovo купить,166
купить ноутбук thinkpad,166
ноутбуки леново купить украина,166
ноутбук леново белый,166
lenovo ноутбуки купить,166
новые ноутбуки леново,166
цены на ноутбуки hp,167
купить hp ноутбук,167
hp ноутбуки цены,167
купить hp pavilion,167
hp ноутбуки киев,167
цена ноутбуков hp,167
hp ноутбук купить,167
ноутбук hp цена украина,167
ноутбуки hp в украине,167
нетбук hp купить,167
купити ноутбук hp,167
ноутбук хьюлетт паккард цена,167
стоимость ноутбука hp,167
купить ноутбук hp в киеве,167
купить ноутбуки нр,167
купить ноутбук нр киев,167
ноутбук hp цена,167
ноутбуки hp интернет магазин,167
купить ноутбук hp в интернет магазине,167
ноутбук hp цена,167
купить ноутбук киев hp,167
ноутбуки hp купить в украине,167
ноутбук фуджитсу цена,168
фуджитсу ноутбук,168
ноутбуки фуджитсу,168
ноутбуки fujitsu цена,168
fujitsu ноутбук цена,168
ноутбук fujitsu,168
fujitsu цена,168
ноутбук fujitsu,168
фуджитсу ноутбуки,168
ноутбук fujitsu lifebook,168
купить ноутбук фуджитсу,168
fujitsu ноутбуки,168
ноутбуки фуджитсу купить,168
asus zenwatch цена,169
часы асус цена,169
asus watch цена,169
смарт часы асус цена,169
асус часы цена,169
часы asus купить,169
asus watch купить,169
смарт часы asus,169
смарт часы асус,169
асус смарт часы,169
купить часы асус,169
asus часы купить,169
смарт-часы asus zenwatch 2,169
умные часы асус,169
смарт-часы asus zenwatch wi500q,169
asus zenwatch 2 price,169
asus zenwatch 2 buy,169
часы asus,169
asus часы,169
часы апл,170
часы apple купить,170
часы от эппл,170
часы от эпл,170
часы аппл,170
apple часы,170
часы от apple,170
купить часы apple,170
купить часы apple watch,170
часы эппл,170
апл часы,170
часы эпл,170
часы эпл цена наручные купить,170
наручные часы apple купить,170
наручные часы apple цена,170
наручные часы эпл цена,170
часы эпл наручные цена,170
часы aple,170
часы apple,170
часы apple iwatch цена в украине,170
часы от эпл цена,170
apple watch киев купить,170
повербанк купить киев,171
powerbank купить киев,171
купить повербанк киев,171
купить повер банк украина,171
повер банки,171
цена power bank,171
power bank цена украина,171
купить повер банк киев,171
power банк,171
купить повербанк в киеве,171
power bank украина купить,171
power bank купить в киеве,171
купить повер банк в украине,171
купить power bank в киеве,171
купить повер банк,171
power bank samsung цена,171
повербанк купить в украине,171
повербанк цена,171
powerbank купить украина,171
купить внешний аккумулятор xiaomi,171
внешний аккумулятор xiaomi купить,171
портативные батареи для телефонов,171
аккумулятор для телефона портативный,171
купить портативную батарею,171
аккумулятор портативный для телефона,171
портативный аккумулятор купить,171
универсальная портативная батарея,171
портативная батарея купить,171
портативная батарея для смартфона,171
портативная батарея для телефона,171
портативные батареи,171
портативная батарея,171
батарея портативная,171
внешняя зарядка для телефона,171
внешняя зарядка для аккумулятора телефона,171
дополнительная батарея к телефону,171
доп батарея для телефона,171
купить велосипед orbea,172
велосипеды орбеа отзывы,172
велосипед orbea цена,172
велосипеды orbea киев,172
велосипед orbea купить,172
орбеа велосипед,172
orbea велосипед,172
велосипеды орбеа,172
купить горный велосипед,173
горный велосипед купить в киеве,173
купить велосипед горный в украине,173
горные велосипеды киев,173
купить горный велосипед в киеве,173
горные велосипеды купить,173
купить горный велосипед в украине,173
велосипед горный купить украина,173
купить горный велосипед в украине недорого,173
купити горний велосипед,173
горные велосипеды,173
купить горный велосипед киев,173
купить горный велосипед цены,173
купить горный велосипед в интернет-магазине,173
купить горный велосипед в интернет магазине,173
велосипеды детские,174
детский велосипеды,174
детские велосипеды,174
детские велосепеды,174
велики детские,174
купить детский велосипедик,174
цена детские велосипеды,174
детские велики,174
децкие велосипеды,174
велосипед детские,174
купить новый детский велосипед,174
детский велосипед,174
велосипед украина детский,174
детский велосипед цена украина,174
велосипед детский украина,174
велосипеды детские украина,174
купить велосипед для детей украина,174
детские велосипеды цена украина,174
детский велосипед купить украина,174
детские велосипеды украина цена,174
велосипед детский купить украина,174
сайт детских велосипедов,174
купить велосипед детский украина,174
купить велосипед детский киев,174
цена на детские велосипеды в украине,174
детский велосипед украина купить,174
детский велосипед цены,174
велосипеды детские купить,174
купить детский велосипед в украине,174
детские велосипеды купить украина,174
интернет магазин детских велосипедов киев,174
детские велосипеды киев от 3 лет,174
купить велосипед для ребенка,174
купить велосипед детский в украине,174
купить велик детский,174
велосипед городской,175
городские велосипеды интернет магазин,175
городской велосипед,175
купить городской велосипед,175
городской велосипед цена,175
городской велосипед киев,175
купить велосипед городской,175
купить городской велосипед киев,175
городской велосипед купить,175
городские велосипеды,175
купить городской велосипед в украине,175
купить велосипед с алюминиевой рамой в украине,175
велосипеды городские мужские,175
городской велосипед цены,175
городские велосипеды цены,175
купить велосипед подростковый,176
купить подростковый велосипед,176
где купить подростковый велосипед,176
подростковые велосипеды купить,176
велосипеды подростковые,176
купить велосипед подростковый в украине,176
подростковые велосипеды киев,176
купить подростковый велосипед в киеве,176
подростковые велосипеды цены,176
велосипед подростковый киев,176
подростковый велосипед киев,176
велосипед подростковый купить киев,176
велосипеды подростковые киев,176
подростковый велосипед купить киев,176
купить подростковый велосипед киев,176
дорожный велосипед цена,177
дорожный велосипед купить,177
велосипед дорожный украина,177
купить дорожный велосипед,177
купить велосипед дорожный,177
купить шоссейный велосипед,177
шоссейный велосипед киев,177
шоссейный велосипед купить украина,177
шоссейный велосипед купить киев,177
шоссейные велосипеды киев,177
шоссейные велосипеды купить украина,177
шоссейные велосипеды украина,177
купить шоссейник,177
шоссейный велосипед купить,177
купить шоссейник в украине,177
велосипед bianchi купить,178
bianchii,178
бианчи велосипед,178
buanchi,178
велосипед bianchi kuma,178
bianchi велосипеды купить,178
bianchi велосипеды,178
велосипеды бианчи,178
велосипед бьянчи,178
bionchi,178
bianchi велосипед,178
бьянчи,178
bianchi киев,178
бьянчи велосипед,178
vbianchi,178
beanchi,178
bianchi велосипеди,178
bianci,178
bianchi украина,178
велосипед bianchi,178
велосипеды bianchi купить,178
bianchi купить,178
купить велосипед bianchi,178
велосипед бианчи,178
купить велосипед bianchi в украине,178
велосипеды bianchi отзывы,178
купить блютус наушники,179
наушники блютуз отзывы,179
беспроводные наушники bluetooth,179
блютуз наушники цена,179
беспроводные блютуз наушники,179
наушники блютуз купить,179
купить наушники блютус,179
купить наушники блютуз,179
наушники блютуз купить цена,179
купить наушники bluetooth,179
блютуз наушники купить,179
bluetooth гарнитура купить украина,179
купить наушники по блютузу,179
блютуз наушники киев,179
блютуз наушники купить в украине,179
блютуз наушники киев купить,179
блютуз наушники купить киев,179
купить наушники блютуз в украине,179
наушники блютуз киев,179
купить наушники с блютузом,179
наушники блютуз купить украина,179
блютуз наушники в украине,179
купить наушники блютуз киев,179
купить блютуз наушники в украине,179
bluetooth наушники купить украина,179
купити блютуз наушники,179
блютуз наушники розетка,179
купить блютуз наушники киев,179
наушники блютуз цена,179
bluetooth наушники купить в украине,179
заказать блютуз наушники,179
блютуз гарнитура купить украина,179
блютуз гарнитура jabra купить украина,179
беспроводные наушники для спорта,179
спортивные беспроводные наушники,179
беспроводные спортивные наушники,179
наушники спортивные беспроводные,179
наушники проводные или беспроводные,179
проводные или беспроводные наушники,179
беспроводные наушники rapoo,179
rapoo наушники беспроводные,179
купить bluetooth наушники,179
купить беспроводные наушники блютуз,179
беспроводные наушники с блютузом,179
беспроводные наушники блютуз,179
наушники к htc,179
наушники для htc,179
наушники на htc,179
наушники htc цены,179
htc гарнитура купить,179
наушники hts,179
наушники htc,179
купить наушники нтс,179
купить наушники для htc,179
наушники нтс,179
наушники htc купить,179
наушники htc цена,179
htc наушники купить,179
наушники для нтс,179
htc наушники,179
мышка блютуз купить,180
блютуз мышь цена,180
купить мышку блютуз,180
купить блютуз мышь,180
купить блютуз мышку,180
мышь беспроводная bluetooth,180
беспроводная блютуз мышь,180
bluetooth мышка,180
блютус мышь,180
мышка с блютузом,180
мыши блютуз,180
bluetooth мыши,180
блютуз мышь,180
блютуз мишка,180
мышь блютуз цена,180
мышь блютуз купить,180
купить мышку bluetooth,180
купить мышь bluetooth,180
мышь bluetooth купить,180
блютуз мышка купить,180
купить bluetooth мышь,180
блютуз мышь купить,180
bluetooth мышь купить,180
мышка bluetooth,180
мышь bluetooth,180
блютуз мышка,180
блютуз мыши,180
мышь блютуз,180
мышка блютуз,180
беспроводная мышь bluetooth,180
